timestamp,x,y,z,roll,pitch,yaw
7.0,1.987509878955959e-17,-2.4386354386238915e-35,0.0,0.0,-0.0,2.3270205159717455e-18
18.5,0.17404720702378076,0.031758353621930455,0.0,0.0,-0.0,0.3323969786391666
19.0,0.37583741626212697,0.13031097962792842,0.0,0.0,-0.0,0.5471560584860644
19.5,0.5559565864202153,0.26444853914089306,0.0,0.0,-0.0,0.7417961680036885
20.0,0.7051063282284522,0.4197949093354936,0.0,0.0,-0.0,0.8567883082714878
20.5,0.8161096809067224,0.5658357956648528,0.0,0.0,-0.0,0.9866110682973993
21.0,0.8958328837093941,0.6972833661110897,0.0,0.0,-0.0,1.0610569754096182
21.5,0.9513620722272379,0.8103186644586353,0.0,0.0,-0.0,1.174496235167769
22.0,0.988022656593674,0.9071084707967955,0.0,0.0,-0.0,1.2365291740740727
22.5,1.0138016721445948,0.9979751680997903,0.0,0.0,-0.0,1.343979996617564
23.0,1.0267481728976444,1.0605872062898727,0.0,0.0,-0.0,1.390892384135923
23.5,1.035407040989129,1.11875980154469,0.0,0.0,-0.0,1.449115523414375
24.0,1.0390715925334246,1.1514792253232446,0.0,0.0,-0.0,1.2981468415743487
24.5,1.039071592520622,1.1514792253053168,0.0,0.0,-0.0,0.8761619209034328
25.0,1.0390715924946503,1.1514792252800874,0.0,0.0,-0.0,0.6784640277085585
25.5,1.0390715924764813,1.151479225266727,0.0,0.0,-0.0,0.5952246234636513
26.5,1.1613717232396816,1.231668699491392,0.0,0.0,-0.0,0.5675526965679188
27.0,1.3525899750706645,1.3502375235333461,0.0,0.0,-0.0,0.5455241435556155
27.5,1.5508635364606682,1.4557810657303096,0.0,0.0,-0.0,0.3724254647734071
28.0,1.7666649156255254,1.51865677422731,0.0,0.0,-0.0,0.2169146003911027
28.5,1.9880119101986462,1.5587879417623745,0.0,0.0,-0.0,0.14767901480637965
29.0,2.2111516313701807,1.5875808723512173,0.0,0.0,-0.0,0.11426476810678904
29.5,2.4349956154347248,1.6102659957050605,0.0,0.0,-0.0,0.08507344269679318
30.0,2.6593756826812047,1.6269073472684308,0.0,0.0,-0.0,0.06519932555016485
30.5,2.883997761666389,1.6399016614762505,0.0,0.0,-0.0,0.049824079375963455
31.0,3.0950318805727695,1.6490931892171543,0.0,0.0,-0.0,0.0374127741490133
31.5,3.2706326666745924,1.654653174026675,0.0,0.0,-0.0,0.024781488135320464
32.0,3.415350437086182,1.655457854273861,0.0,0.0,-0.0,-0.010315580250953076
32.5,3.5344299318370003,1.6530782707485687,0.0,0.0,-0.0,-0.028384819783706963
33.0,3.6323505686825124,1.6498454100995517,0.0,0.0,-0.0,-0.036762601432545006
33.5,3.712856783227505,1.6465843001219524,0.0,0.0,-0.0,-0.04476221629085337
34.0,3.779277369403504,1.6434392661241235,0.0,0.0,-0.0,-0.04943687188105818
34.5,3.8398610216459836,1.6402957007411507,0.0,0.0,-0.0,-0.05466899591937495
36.0,4.023725275528196,1.669043191489772,0.0,0.0,-0.0,0.3644426600597016
36.5,4.212923957970316,1.7887021248797066,0.0,0.0,-0.0,0.7135305307820594
37.0,4.365581669525506,1.9533443609047034,0.0,0.0,-0.0,0.9275477677013654
37.5,4.4888097750292095,2.1414636975175774,0.0,0.0,-0.0,1.0381917462060548
38.0,4.593899595727836,2.340280139708601,0.0,0.0,-0.0,1.1417017116172163
38.5,4.676840005520188,2.5412539955550577,0.0,0.0,-0.0,1.208288189307916
39.0,4.736518959386417,2.709860448716165,0.0,0.0,-0.0,1.2548490339979395
39.5,4.779950923373599,2.8495166788355806,0.0,0.0,-0.0,1.2831314862598635
40.0,4.8111587294423055,2.969179988777146,0.0,0.0,-0.0,1.3704930730991767
40.5,4.828024187505294,3.0713115859519347,0.0,0.0,-0.0,1.4373235815384202
41.0,4.837281195103744,3.160371545997675,0.0,0.0,-0.0,1.5033184652990779
41.5,4.840715905154839,3.2357154147189973,0.0,0.0,-0.0,1.54309431646397
42.0,4.840871053489136,3.300104763119428,0.0,0.0,-0.0,1.6080950706626351
42.5,4.83740500626142,3.3542941123704413,0.0,0.0,-0.0,1.656444123514221
43.0,4.836376087204807,3.3657986978898324,0.0,0.0,-0.0,1.5372314079688452
43.5,4.836376087206291,3.3657986979143413,0.0,0.0,-0.0,1.4707026209416025
44.5,4.838606344417352,3.415223451625159,0.0,0.0,-0.0,1.580702620897193
45.0,4.788264581896915,3.6330595706497086,0.0,0.0,-0.0,1.9678335946299441
45.5,4.681846177886523,3.8309801158580097,0.0,0.0,-0.0,2.150389679254031
46.0,4.54674970555098,4.01075895202806,0.0,0.0,-0.0,2.2637779576483874
46.5,4.398489811464003,4.179972075631061,0.0,0.0,-0.0,2.317550184920324
47.0,4.24193084703975,4.341550902072017,0.0,0.0,-0.0,2.3568493387719744
47.5,4.08158970024539,4.499395513686403,0.0,0.0,-0.0,2.3734983773651694
48.0,3.9177575642251887,4.653608691995837,0.0,0.0,-0.0,2.3970523878987264
48.5,3.7511066890395837,4.80477530248356,0.0,0.0,-0.0,2.4148655339313563
49.0,3.581524795352621,4.952646292536161,0.0,0.0,-0.0,2.4313929924263054
49.5,3.4104352536766087,5.098773742197824,0.0,0.0,-0.0,2.4375325089795146
50.0,3.2386704757543034,5.244107248073554,0.0,0.0,-0.0,2.440264835098358
50.5,3.067296618958373,5.389899789721846,0.0,0.0,-0.0,2.4287226770464554
51.0,2.9005272958498547,5.538132166479714,0.0,0.0,-0.0,2.4005454392090035
51.5,2.759472204161006,5.670785345316673,0.0,0.0,-0.0,2.371505223330465
52.0,2.6442262093020794,5.783061361569494,0.0,0.0,-0.0,2.3812660570435344
52.5,2.5459375148377683,5.8750036076421095,0.0,0.0,-0.0,2.3955434796648447
53.0,2.4616829148443826,5.952416905928982,0.0,0.0,-0.0,2.4009613096120708
53.5,2.3916128675806005,6.016300004366949,0.0,0.0,-0.0,2.4033844279848062
54.0,2.3348183665395914,6.067923886025016,0.0,0.0,-0.0,2.4042279895069933
54.5,2.2880585413364742,6.110376663648631,0.0,0.0,-0.0,2.4046046916644066
55.0,2.2496270310988975,6.145249873062154,0.0,0.0,-0.0,2.404774434449113
56.0,2.2492759842253225,6.145568367648797,0.0,0.0,-0.0,2.6847755952805747
56.5,2.222282379813414,6.1452124919349576,0.0,0.0,-0.0,-3.0984097123767462
57.0,2.008507948338829,6.082043246275632,0.0,0.0,-0.0,-2.6403191843140186
57.5,1.828734427118104,5.948213639164297,0.0,0.0,-0.0,-2.3104603443381375
58.0,1.7123433567536739,5.756800020626007,0.0,0.0,-0.0,-1.9876155331828154
58.5,1.632134641572278,5.546673088407573,0.0,0.0,-0.0,-1.880104902265437
59.0,1.5726141854819584,5.329732632490971,0.0,0.0,-0.0,-1.8114690168718364
59.5,1.5200584581346452,5.110964047427051,0.0,0.0,-0.0,-1.8333206421945685
60.0,1.4494371157109207,4.897438491580363,0.0,0.0,-0.0,-1.9362208426763845
60.5,1.3639096167345344,4.689342520650425,0.0,0.0,-0.0,-1.9589325848464842
61.0,1.2833939335649047,4.4792557175458,0.0,0.0,-0.0,-1.9221203828444111
61.5,1.2071658063981758,4.26756303342486,0.0,0.0,-0.0,-1.912240169961389
62.0,1.131630956776866,4.055621024833853,0.0,0.0,-0.0,-1.91615023050659
62.5,1.0560898616750758,3.8436882301793154,0.0,0.0,-0.0,-1.8933961741444763
63.0,0.9888814933765989,3.6291516832854422,0.0,0.0,-0.0,-1.8617909740459002
63.5,0.9329732085038838,3.4404566486425963,0.0,0.0,-0.0,-1.8593572204021993
64.0,0.8864584899350281,3.290587455051745,0.0,0.0,-0.0,-1.8924778249168068
64.5,0.8436322792305585,3.1684689669674047,0.0,0.0,-0.0,-1.9230972359758856
65.0,0.8055755405442756,3.0678912662790294,0.0,0.0,-0.0,-1.9404862400931757
65.5,0.7696357703640175,2.9771450352439914,0.0,0.0,-0.0,-1.958894854737854
66.0,0.7358179923666364,2.8963526948692273,0.0,0.0,-0.0,-1.973978714428194
66.5,0.7121505872633535,2.8415861731546985,0.0,0.0,-0.0,-1.9853269354781935
67.0,0.7113920979302638,2.8398633833559663,0.0,0.0,-0.0,-1.8094021214216254
67.5,0.7113920979294751,2.839863383351871,0.0,0.0,-0.0,-1.7358500801583265
